timestamp,version,dataset,test,wall_ms,peak_rss_mb,bytes_written,nominal_triples,triples_per_sec,node_count,edge_count,row_count,status,error
2026-04-22T17:05:07+00:00,0.8.0,wiki500k,build,232.1,211.6,5281725,500000,2154175.4,993,745,,ok,
2026-04-22T17:05:07+00:00,0.8.0,wiki500k,save,1.1,,5325138,,,,,,ok,
2026-04-22T17:05:07+00:00,0.8.0,wiki500k,load,3.6,211.6,,,,993,745,,ok,
2026-04-22T17:05:07+00:00,0.8.0,wiki500k,P31 LIMIT 50,2.0,,,,,,,5,ok,
2026-04-22T17:05:07+00:00,0.8.0,wiki500k,Q5 (human) lookup,0.0,,,,,,,10,ok,
2026-04-22T17:05:07+00:00,0.8.0,wiki500k,P31 class counts,0.1,,,,,,,2,ok,
2026-04-22T17:05:07+00:00,0.8.0,wiki500k,2-hop P31 + P279,0.0,,,,,,,0,ok,
2026-04-22T17:05:07+00:00,0.8.0,wiki500k,Human citizenship (P27),0.1,,,,,,,10,ok,
2026-04-22T17:05:07+00:00,0.8.0,wiki500k,OPTIONAL citizenship,1.2,,,,,,,10,ok,
2026-04-22T17:05:07+00:00,0.8.0,wiki500k,EXISTS P27,0.1,,,,,,,10,ok,
2026-04-22T17:05:07+00:00,0.8.0,wiki500k,WITH P27 count,0.2,,,,,,,6,ok,
2026-04-22T17:05:09+00:00,0.8.0,wiki5m,build,1778.9,498.5,43566152,5000000,2810692.4,20776,18400,,ok,
2026-04-22T17:05:09+00:00,0.8.0,wiki5m,save,3.9,,43988464,,,,,,ok,
2026-04-22T17:05:09+00:00,0.8.0,wiki5m,load,12.8,498.5,,,,20776,18400,,ok,
2026-04-22T17:05:09+00:00,0.8.0,wiki5m,P31 LIMIT 50,1.2,,,,,,,50,ok,
2026-04-22T17:05:09+00:00,0.8.0,wiki5m,Q5 (human) lookup,0.8,,,,,,,10,ok,
2026-04-22T17:05:09+00:00,0.8.0,wiki5m,P31 class counts,2.9,,,,,,,10,ok,
2026-04-22T17:05:09+00:00,0.8.0,wiki5m,2-hop P31 + P279,0.4,,,,,,,7,ok,
2026-04-22T17:05:09+00:00,0.8.0,wiki5m,Human citizenship (P27),4.4,,,,,,,10,ok,
2026-04-22T17:05:19+00:00,0.8.0,wiki5m,OPTIONAL citizenship,0,,,,,,,,TIMEOUT,Cypher execution error: Query timed out
2026-04-22T17:05:20+00:00,0.8.0,wiki5m,EXISTS P27,818.6,,,,,,,10,ok,
2026-04-22T17:05:20+00:00,0.8.0,wiki5m,WITH P27 count,4.3,,,,,,,10,ok,
2026-04-22T17:05:36+00:00,0.8.0,wiki50m,build,16442.6,889.1,317895393,50000000,3040878.8,377161,281837,,ok,
2026-04-22T17:05:37+00:00,0.8.0,wiki50m,save,26.5,,322444889,,,,,,ok,
2026-04-22T17:05:37+00:00,0.8.0,wiki50m,load,56.6,889.1,,,,377161,281837,,ok,
2026-04-22T17:05:37+00:00,0.8.0,wiki50m,P31 LIMIT 50,29.2,,,,,,,50,ok,
2026-04-22T17:05:37+00:00,0.8.0,wiki50m,Q5 (human) lookup,9.7,,,,,,,10,ok,
2026-04-22T17:05:37+00:00,0.8.0,wiki50m,P31 class counts,63.1,,,,,,,10,ok,
2026-04-22T17:05:37+00:00,0.8.0,wiki50m,2-hop P31 + P279,16.6,,,,,,,10,ok,
2026-04-22T17:05:37+00:00,0.8.0,wiki50m,Human citizenship (P27),51.8,,,,,,,10,ok,
2026-04-22T17:05:47+00:00,0.8.0,wiki50m,OPTIONAL citizenship,0,,,,,,,,TIMEOUT,Cypher execution error: Query timed out
2026-04-22T17:05:47+00:00,0.8.0,wiki50m,EXISTS P27,599.8,,,,,,,10,ok,
2026-04-22T17:05:47+00:00,0.8.0,wiki50m,WITH P27 count,87.0,,,,,,,10,ok,
2026-04-22T17:06:22+00:00,0.8.0,wiki100m,build,34691.5,1486.5,583628969,100000000,2882549.2,938361,748198,,ok,
2026-04-22T17:06:22+00:00,0.8.0,wiki100m,save,51.2,,591079641,,,,,,ok,
2026-04-22T17:06:23+00:00,0.8.0,wiki100m,load,89.9,1486.5,,,,938361,748198,,ok,
2026-04-22T17:06:23+00:00,0.8.0,wiki100m,P31 LIMIT 50,68.9,,,,,,,50,ok,
2026-04-22T17:06:23+00:00,0.8.0,wiki100m,Q5 (human) lookup,22.4,,,,,,,10,ok,
2026-04-22T17:06:23+00:00,0.8.0,wiki100m,P31 class counts,152.1,,,,,,,10,ok,
2026-04-22T17:06:23+00:00,0.8.0,wiki100m,2-hop P31 + P279,40.1,,,,,,,10,ok,
2026-04-22T17:06:23+00:00,0.8.0,wiki100m,Human citizenship (P27),82.7,,,,,,,10,ok,
2026-04-22T17:06:33+00:00,0.8.0,wiki100m,OPTIONAL citizenship,0,,,,,,,,TIMEOUT,Cypher execution error: Query timed out
2026-04-22T17:06:34+00:00,0.8.0,wiki100m,EXISTS P27,570.7,,,,,,,10,ok,
2026-04-22T17:06:34+00:00,0.8.0,wiki100m,WITH P27 count,292.7,,,,,,,10,ok,
2026-04-22T17:07:45+00:00,0.8.0,wiki200m,build,70531.6,2274.0,1011979121,200000000,2835607.0,2111520,1405964,,ok,
2026-04-22T17:07:45+00:00,0.8.0,wiki200m,save,85.5,,1022515068,,,,,,ok,
2026-04-22T17:07:45+00:00,0.8.0,wiki200m,load,139.3,2274.0,,,,2111520,1405964,,ok,
2026-04-22T17:07:45+00:00,0.8.0,wiki200m,P31 LIMIT 50,168.7,,,,,,,50,ok,
2026-04-22T17:07:45+00:00,0.8.0,wiki200m,Q5 (human) lookup,39.5,,,,,,,10,ok,
2026-04-22T17:07:45+00:00,0.8.0,wiki200m,P31 class counts,406.2,,,,,,,10,ok,
2026-04-22T17:07:46+00:00,0.8.0,wiki200m,2-hop P31 + P279,92.3,,,,,,,10,ok,
2026-04-22T17:07:46+00:00,0.8.0,wiki200m,Human citizenship (P27),137.0,,,,,,,10,ok,
2026-04-22T17:07:56+00:00,0.8.0,wiki200m,OPTIONAL citizenship,0,,,,,,,,TIMEOUT,Cypher execution error: Query timed out
2026-04-22T17:07:56+00:00,0.8.0,wiki200m,EXISTS P27,590.0,,,,,,,10,ok,
2026-04-22T17:07:57+00:00,0.8.0,wiki200m,WITH P27 count,674.3,,,,,,,10,ok,
2026-04-22T17:11:01+00:00,0.8.0,wiki500m,build,183955.9,5132.2,2615308058,500000000,2718042.2,5571305,6736788,,ok,
2026-04-22T17:11:01+00:00,0.8.0,wiki500m,save,155.9,,2629357169,,,,,,ok,
2026-04-22T17:11:02+00:00,0.8.0,wiki500m,load,258.1,5132.2,,,,5571305,6736788,,ok,
2026-04-22T17:11:02+00:00,0.8.0,wiki500m,P31 LIMIT 50,602.1,,,,,,,50,ok,
2026-04-22T17:11:02+00:00,0.8.0,wiki500m,Q5 (human) lookup,74.9,,,,,,,10,ok,
2026-04-22T17:11:04+00:00,0.8.0,wiki500m,P31 class counts,1224.5,,,,,,,10,ok,
2026-04-22T17:11:04+00:00,0.8.0,wiki500m,2-hop P31 + P279,322.3,,,,,,,10,ok,
2026-04-22T17:11:04+00:00,0.8.0,wiki500m,Human citizenship (P27),200.0,,,,,,,10,ok,
2026-04-22T17:11:14+00:00,0.8.0,wiki500m,OPTIONAL citizenship,0,,,,,,,,TIMEOUT,Cypher execution error: Query timed out
2026-04-22T17:11:15+00:00,0.8.0,wiki500m,EXISTS P27,597.3,,,,,,,10,ok,
2026-04-22T17:11:17+00:00,0.8.0,wiki500m,WITH P27 count,1966.7,,,,,,,10,ok,
2026-04-22T17:18:17+00:00,0.8.0,wiki1000m,build,419368.4,6978.6,6463041229,1000000000,2384538.4,14722732,15444086,,ok,
2026-04-22T17:18:17+00:00,0.8.0,wiki1000m,save,354.8,,6487110822,,,,,,ok,
2026-04-22T17:18:18+00:00,0.8.0,wiki1000m,load,583.5,6978.6,,,,14722732,15444086,,ok,
2026-04-22T17:18:19+00:00,0.8.0,wiki1000m,P31 LIMIT 50,1358.7,,,,,,,50,ok,
2026-04-22T17:18:19+00:00,0.8.0,wiki1000m,Q5 (human) lookup,204.9,,,,,,,10,ok,
2026-04-22T17:18:23+00:00,0.8.0,wiki1000m,P31 class counts,3516.3,,,,,,,10,ok,
2026-04-22T17:18:24+00:00,0.8.0,wiki1000m,2-hop P31 + P279,802.3,,,,,,,10,ok,
2026-04-22T17:18:24+00:00,0.8.0,wiki1000m,Human citizenship (P27),480.4,,,,,,,10,ok,
2026-04-22T17:18:34+00:00,0.8.0,wiki1000m,OPTIONAL citizenship,0,,,,,,,,TIMEOUT,Cypher execution error: Query timed out
2026-04-22T17:18:35+00:00,0.8.0,wiki1000m,EXISTS P27,553.9,,,,,,,10,ok,
2026-04-22T17:18:42+00:00,0.8.0,wiki1000m,WITH P27 count,7244.6,,,,,,,10,ok,
2026-04-22T17:18:43+00:00,0.8.5,wiki500k,build,240.4,163.0,5281227,500000,2080030.6,993,745,,ok,
2026-04-22T17:18:43+00:00,0.8.5,wiki500k,save,1.2,,5324640,,,,,,ok,
2026-04-22T17:18:43+00:00,0.8.5,wiki500k,load,4.4,163.0,,,,993,745,,ok,
2026-04-22T17:18:43+00:00,0.8.5,wiki500k,P31 LIMIT 50,2.4,,,,,,,5,ok,
2026-04-22T17:18:43+00:00,0.8.5,wiki500k,Q5 (human) lookup,0.1,,,,,,,10,ok,
2026-04-22T17:18:43+00:00,0.8.5,wiki500k,P31 class counts,0.1,,,,,,,2,ok,
2026-04-22T17:18:43+00:00,0.8.5,wiki500k,2-hop P31 + P279,0.0,,,,,,,0,ok,
2026-04-22T17:18:43+00:00,0.8.5,wiki500k,Human citizenship (P27),0.1,,,,,,,10,ok,
2026-04-22T17:18:43+00:00,0.8.5,wiki500k,OPTIONAL citizenship,1.2,,,,,,,10,ok,
2026-04-22T17:18:43+00:00,0.8.5,wiki500k,EXISTS P27,0.1,,,,,,,10,ok,
2026-04-22T17:18:43+00:00,0.8.5,wiki500k,WITH P27 count,0.2,,,,,,,6,ok,
2026-04-22T17:18:45+00:00,0.8.5,wiki5m,build,1818.0,459.2,43665596,5000000,2750322.4,20776,18400,,ok,
2026-04-22T17:18:45+00:00,0.8.5,wiki5m,save,4.2,,44087908,,,,,,ok,
2026-04-22T17:18:45+00:00,0.8.5,wiki5m,load,13.1,459.2,,,,20776,18400,,ok,
2026-04-22T17:18:45+00:00,0.8.5,wiki5m,P31 LIMIT 50,1.2,,,,,,,50,ok,
2026-04-22T17:18:45+00:00,0.8.5,wiki5m,Q5 (human) lookup,0.9,,,,,,,10,ok,
2026-04-22T17:18:45+00:00,0.8.5,wiki5m,P31 class counts,2.9,,,,,,,10,ok,
2026-04-22T17:18:45+00:00,0.8.5,wiki5m,2-hop P31 + P279,0.5,,,,,,,7,ok,
2026-04-22T17:18:45+00:00,0.8.5,wiki5m,Human citizenship (P27),4.7,,,,,,,10,ok,
2026-04-22T17:18:55+00:00,0.8.5,wiki5m,OPTIONAL citizenship,0,,,,,,,,TIMEOUT,Cypher execution error: Query timed out
2026-04-22T17:18:56+00:00,0.8.5,wiki5m,EXISTS P27,841.0,,,,,,,10,ok,
2026-04-22T17:18:56+00:00,0.8.5,wiki5m,WITH P27 count,4.5,,,,,,,10,ok,
2026-04-22T17:19:12+00:00,0.8.5,wiki50m,build,16469.2,850.5,318078533,50000000,3035978.1,377161,281837,,ok,
2026-04-22T17:19:12+00:00,0.8.5,wiki50m,save,27.5,,322628029,,,,,,ok,
2026-04-22T17:19:12+00:00,0.8.5,wiki50m,load,58.2,850.5,,,,377161,281837,,ok,
2026-04-22T17:19:12+00:00,0.8.5,wiki50m,P31 LIMIT 50,29.0,,,,,,,50,ok,
2026-04-22T17:19:12+00:00,0.8.5,wiki50m,Q5 (human) lookup,9.7,,,,,,,10,ok,
2026-04-22T17:19:12+00:00,0.8.5,wiki50m,P31 class counts,58.7,,,,,,,10,ok,
2026-04-22T17:19:12+00:00,0.8.5,wiki50m,2-hop P31 + P279,16.1,,,,,,,10,ok,
2026-04-22T17:19:12+00:00,0.8.5,wiki50m,Human citizenship (P27),49.8,,,,,,,10,ok,
2026-04-22T17:19:22+00:00,0.8.5,wiki50m,OPTIONAL citizenship,0,,,,,,,,TIMEOUT,Cypher execution error: Query timed out
2026-04-22T17:19:23+00:00,0.8.5,wiki50m,EXISTS P27,535.2,,,,,,,10,ok,
2026-04-22T17:19:23+00:00,0.8.5,wiki50m,WITH P27 count,89.1,,,,,,,10,ok,
2026-04-22T17:19:58+00:00,0.8.5,wiki100m,build,34646.7,1424.1,583432360,100000000,2886273.7,938361,748198,,ok,
2026-04-22T17:19:58+00:00,0.8.5,wiki100m,save,48.9,,590883032,,,,,,ok,
2026-04-22T17:19:58+00:00,0.8.5,wiki100m,load,87.1,1424.1,,,,938361,748198,,ok,
2026-04-22T17:19:58+00:00,0.8.5,wiki100m,P31 LIMIT 50,68.5,,,,,,,50,ok,
2026-04-22T17:19:58+00:00,0.8.5,wiki100m,Q5 (human) lookup,22.5,,,,,,,10,ok,
2026-04-22T17:19:58+00:00,0.8.5,wiki100m,P31 class counts,147.5,,,,,,,10,ok,
2026-04-22T17:19:58+00:00,0.8.5,wiki100m,2-hop P31 + P279,39.1,,,,,,,10,ok,
2026-04-22T17:19:58+00:00,0.8.5,wiki100m,Human citizenship (P27),84.2,,,,,,,10,ok,
2026-04-22T17:20:08+00:00,0.8.5,wiki100m,OPTIONAL citizenship,0,,,,,,,,TIMEOUT,Cypher execution error: Query timed out
2026-04-22T17:20:09+00:00,0.8.5,wiki100m,EXISTS P27,559.3,,,,,,,10,ok,
2026-04-22T17:20:09+00:00,0.8.5,wiki100m,WITH P27 count,230.1,,,,,,,10,ok,
2026-04-22T17:21:20+00:00,0.8.5,wiki200m,build,70907.0,2194.3,1011993689,200000000,2820594.8,2111520,1405964,,ok,
2026-04-22T17:21:20+00:00,0.8.5,wiki200m,save,84.5,,1022529636,,,,,,ok,
2026-04-22T17:21:20+00:00,0.8.5,wiki200m,load,137.7,2194.3,,,,2111520,1405964,,ok,
2026-04-22T17:21:21+00:00,0.8.5,wiki200m,P31 LIMIT 50,170.2,,,,,,,50,ok,
2026-04-22T17:21:21+00:00,0.8.5,wiki200m,Q5 (human) lookup,38.3,,,,,,,10,ok,
2026-04-22T17:21:21+00:00,0.8.5,wiki200m,P31 class counts,358.4,,,,,,,10,ok,
2026-04-22T17:21:21+00:00,0.8.5,wiki200m,2-hop P31 + P279,97.5,,,,,,,10,ok,
2026-04-22T17:21:21+00:00,0.8.5,wiki200m,Human citizenship (P27),136.1,,,,,,,10,ok,
2026-04-22T17:21:31+00:00,0.8.5,wiki200m,OPTIONAL citizenship,0,,,,,,,,TIMEOUT,Cypher execution error: Query timed out
2026-04-22T17:21:32+00:00,0.8.5,wiki200m,EXISTS P27,493.9,,,,,,,10,ok,
2026-04-22T17:21:32+00:00,0.8.5,wiki200m,WITH P27 count,626.8,,,,,,,10,ok,
2026-04-22T17:24:37+00:00,0.8.5,wiki500m,build,184964.8,5328.0,2615262081,500000000,2703216.8,5571305,6736788,,ok,
2026-04-22T17:24:38+00:00,0.8.5,wiki500m,save,160.8,,2629311192,,,,,,ok,
2026-04-22T17:24:38+00:00,0.8.5,wiki500m,load,254.3,5328.0,,,,5571305,6736788,,ok,
2026-04-22T17:24:39+00:00,0.8.5,wiki500m,P31 LIMIT 50,600.0,,,,,,,50,ok,
2026-04-22T17:24:39+00:00,0.8.5,wiki500m,Q5 (human) lookup,74.4,,,,,,,10,ok,
2026-04-22T17:24:40+00:00,0.8.5,wiki500m,P31 class counts,1017.3,,,,,,,10,ok,
2026-04-22T17:24:40+00:00,0.8.5,wiki500m,2-hop P31 + P279,314.3,,,,,,,10,ok,
2026-04-22T17:24:40+00:00,0.8.5,wiki500m,Human citizenship (P27),208.9,,,,,,,10,ok,
2026-04-22T17:24:50+00:00,0.8.5,wiki500m,OPTIONAL citizenship,0,,,,,,,,TIMEOUT,Cypher execution error: Query timed out
2026-04-22T17:24:51+00:00,0.8.5,wiki500m,EXISTS P27,603.6,,,,,,,10,ok,
2026-04-22T17:24:53+00:00,0.8.5,wiki500m,WITH P27 count,1729.8,,,,,,,10,ok,
2026-04-22T17:32:03+00:00,0.8.5,wiki1000m,build,429985.4,6322.0,6463669702,1000000000,2325660.5,14722732,15444086,,ok,
2026-04-22T17:32:03+00:00,0.8.5,wiki1000m,save,353.2,,6487739295,,,,,,ok,
2026-04-22T17:32:04+00:00,0.8.5,wiki1000m,load,587.7,6322.0,,,,14722732,15444086,,ok,
2026-04-22T17:32:05+00:00,0.8.5,wiki1000m,P31 LIMIT 50,1348.8,,,,,,,50,ok,
2026-04-22T17:32:05+00:00,0.8.5,wiki1000m,Q5 (human) lookup,209.3,,,,,,,10,ok,
2026-04-22T17:32:09+00:00,0.8.5,wiki1000m,P31 class counts,3514.8,,,,,,,10,ok,
2026-04-22T17:32:10+00:00,0.8.5,wiki1000m,2-hop P31 + P279,809.4,,,,,,,10,ok,
2026-04-22T17:32:10+00:00,0.8.5,wiki1000m,Human citizenship (P27),462.7,,,,,,,10,ok,
2026-04-22T17:32:20+00:00,0.8.5,wiki1000m,OPTIONAL citizenship,0,,,,,,,,TIMEOUT,Cypher execution error: Query timed out
2026-04-22T17:32:21+00:00,0.8.5,wiki1000m,EXISTS P27,531.9,,,,,,,10,ok,
2026-04-22T17:32:28+00:00,0.8.5,wiki1000m,WITH P27 count,7144.0,,,,,,,10,ok,
2026-04-22T17:32:29+00:00,0.8.10,wiki500k,build,230.0,165.1,5248441,500000,2174150.5,993,745,,ok,
2026-04-22T17:32:29+00:00,0.8.10,wiki500k,save,1.9,,5320574,,,,,,ok,
2026-04-22T17:32:29+00:00,0.8.10,wiki500k,load,3.6,165.1,,,,993,745,,ok,
2026-04-22T17:32:29+00:00,0.8.10,wiki500k,P31 LIMIT 50,2.6,,,,,,,5,ok,
2026-04-22T17:32:29+00:00,0.8.10,wiki500k,Q5 (human) lookup,0.1,,,,,,,10,ok,
2026-04-22T17:32:29+00:00,0.8.10,wiki500k,P31 class counts,0.1,,,,,,,2,ok,
2026-04-22T17:32:29+00:00,0.8.10,wiki500k,2-hop P31 + P279,0.0,,,,,,,0,ok,
2026-04-22T17:32:29+00:00,0.8.10,wiki500k,Human citizenship (P27),0.1,,,,,,,10,ok,
2026-04-22T17:32:29+00:00,0.8.10,wiki500k,OPTIONAL citizenship,0.1,,,,,,,10,ok,
2026-04-22T17:32:29+00:00,0.8.10,wiki500k,EXISTS P27,0.0,,,,,,,10,ok,
2026-04-22T17:32:29+00:00,0.8.10,wiki500k,WITH P27 count,0.2,,,,,,,6,ok,
2026-04-22T17:32:31+00:00,0.8.10,wiki5m,build,1875.1,459.3,43588110,5000000,2666589.3,20776,18400,,ok,
2026-04-22T17:32:31+00:00,0.8.10,wiki5m,save,7.8,,44653810,,,,,,ok,
2026-04-22T17:32:31+00:00,0.8.10,wiki5m,load,13.1,459.3,,,,20776,18400,,ok,
2026-04-22T17:32:31+00:00,0.8.10,wiki5m,P31 LIMIT 50,1.2,,,,,,,50,ok,
2026-04-22T17:32:31+00:00,0.8.10,wiki5m,Q5 (human) lookup,0.9,,,,,,,10,ok,
2026-04-22T17:32:31+00:00,0.8.10,wiki5m,P31 class counts,3.3,,,,,,,10,ok,
2026-04-22T17:32:31+00:00,0.8.10,wiki5m,2-hop P31 + P279,0.4,,,,,,,7,ok,
2026-04-22T17:32:31+00:00,0.8.10,wiki5m,Human citizenship (P27),4.6,,,,,,,10,ok,
2026-04-22T17:32:31+00:00,0.8.10,wiki5m,OPTIONAL citizenship,7.0,,,,,,,10,ok,
2026-04-22T17:32:31+00:00,0.8.10,wiki5m,EXISTS P27,1.0,,,,,,,10,ok,
2026-04-22T17:32:31+00:00,0.8.10,wiki5m,WITH P27 count,4.4,,,,,,,10,ok,
2026-04-22T17:32:48+00:00,0.8.10,wiki50m,build,17152.0,851.9,318346819,50000000,2915104.3,377161,281837,,ok,
2026-04-22T17:32:48+00:00,0.8.10,wiki50m,save,120.7,,334778502,,,,,,ok,
2026-04-22T17:32:48+00:00,0.8.10,wiki50m,load,58.7,851.9,,,,377161,281837,,ok,
2026-04-22T17:32:48+00:00,0.8.10,wiki50m,P31 LIMIT 50,30.8,,,,,,,50,ok,
2026-04-22T17:32:48+00:00,0.8.10,wiki50m,Q5 (human) lookup,10.1,,,,,,,10,ok,
2026-04-22T17:32:48+00:00,0.8.10,wiki50m,P31 class counts,59.6,,,,,,,10,ok,
2026-04-22T17:32:48+00:00,0.8.10,wiki50m,2-hop P31 + P279,18.1,,,,,,,10,ok,
2026-04-22T17:32:48+00:00,0.8.10,wiki50m,Human citizenship (P27),52.1,,,,,,,10,ok,
2026-04-22T17:32:49+00:00,0.8.10,wiki50m,OPTIONAL citizenship,83.3,,,,,,,10,ok,
2026-04-22T17:32:49+00:00,0.8.10,wiki50m,EXISTS P27,10.4,,,,,,,10,ok,
2026-04-22T17:32:49+00:00,0.8.10,wiki50m,WITH P27 count,91.9,,,,,,,10,ok,
2026-04-22T17:33:26+00:00,0.8.10,wiki100m,build,36816.6,1310.6,583701440,100000000,2716163.6,938361,748198,,ok,
2026-04-22T17:33:26+00:00,0.8.10,wiki100m,save,335.8,,623684347,,,,,,ok,
2026-04-22T17:33:26+00:00,0.8.10,wiki100m,load,93.9,1310.6,,,,938361,748198,,ok,
2026-04-22T17:33:26+00:00,0.8.10,wiki100m,P31 LIMIT 50,69.9,,,,,,,50,ok,
2026-04-22T17:33:26+00:00,0.8.10,wiki100m,Q5 (human) lookup,23.0,,,,,,,10,ok,
2026-04-22T17:33:26+00:00,0.8.10,wiki100m,P31 class counts,169.8,,,,,,,10,ok,
2026-04-22T17:33:26+00:00,0.8.10,wiki100m,2-hop P31 + P279,39.8,,,,,,,10,ok,
2026-04-22T17:33:26+00:00,0.8.10,wiki100m,Human citizenship (P27),88.3,,,,,,,10,ok,
2026-04-22T17:33:27+00:00,0.8.10,wiki100m,OPTIONAL citizenship,178.4,,,,,,,10,ok,
2026-04-22T17:33:27+00:00,0.8.10,wiki100m,EXISTS P27,19.5,,,,,,,10,ok,
2026-04-22T17:33:27+00:00,0.8.10,wiki100m,WITH P27 count,272.3,,,,,,,10,ok,
2026-04-22T17:34:40+00:00,0.8.10,wiki200m,build,73291.7,2182.4,1012031850,200000000,2728820.9,2111520,1405964,,ok,
2026-04-22T17:34:41+00:00,0.8.10,wiki200m,save,714.2,,1097802519,,,,,,ok,
2026-04-22T17:34:41+00:00,0.8.10,wiki200m,load,145.0,2182.4,,,,2111520,1405964,,ok,
2026-04-22T17:34:41+00:00,0.8.10,wiki200m,P31 LIMIT 50,172.4,,,,,,,50,ok,
2026-04-22T17:34:41+00:00,0.8.10,wiki200m,Q5 (human) lookup,41.2,,,,,,,10,ok,
2026-04-22T17:34:42+00:00,0.8.10,wiki200m,P31 class counts,398.4,,,,,,,10,ok,
2026-04-22T17:34:42+00:00,0.8.10,wiki200m,2-hop P31 + P279,98.5,,,,,,,10,ok,
2026-04-22T17:34:42+00:00,0.8.10,wiki200m,Human citizenship (P27),143.0,,,,,,,10,ok,
2026-04-22T17:34:42+00:00,0.8.10,wiki200m,OPTIONAL citizenship,298.4,,,,,,,10,ok,
2026-04-22T17:34:42+00:00,0.8.10,wiki200m,EXISTS P27,31.9,,,,,,,10,ok,
2026-04-22T17:34:43+00:00,0.8.10,wiki200m,WITH P27 count,608.2,,,,,,,10,ok,
2026-04-22T17:37:55+00:00,0.8.10,wiki500m,build,191871.3,4809.7,2614979529,500000000,2605913.0,5571305,6736788,,ok,
2026-04-22T17:37:57+00:00,0.8.10,wiki500m,save,2430.1,,2947707950,,,,,,ok,
2026-04-22T17:37:58+00:00,0.8.10,wiki500m,load,269.7,4809.7,,,,5571305,6736788,,ok,
2026-04-22T17:37:58+00:00,0.8.10,wiki500m,P31 LIMIT 50,613.7,,,,,,,50,ok,
2026-04-22T17:37:58+00:00,0.8.10,wiki500m,Q5 (human) lookup,72.9,,,,,,,10,ok,
2026-04-22T17:38:00+00:00,0.8.10,wiki500m,P31 class counts,1209.0,,,,,,,10,ok,
2026-04-22T17:38:00+00:00,0.8.10,wiki500m,2-hop P31 + P279,323.2,,,,,,,10,ok,
2026-04-22T17:38:00+00:00,0.8.10,wiki500m,Human citizenship (P27),208.1,,,,,,,10,ok,
2026-04-22T17:38:01+00:00,0.8.10,wiki500m,OPTIONAL citizenship,434.2,,,,,,,10,ok,
2026-04-22T17:38:01+00:00,0.8.10,wiki500m,EXISTS P27,48.2,,,,,,,10,ok,
2026-04-22T17:38:03+00:00,0.8.10,wiki500m,WITH P27 count,1932.9,,,,,,,10,ok,
2026-04-22T17:46:11+00:00,0.8.10,wiki1000m,build,488559.4,6195.2,6463759598,1000000000,2046834.0,14722732,15444086,,ok,
2026-04-22T17:46:20+00:00,0.8.10,wiki1000m,save,8607.1,,7380223488,,,,,,ok,
2026-04-22T17:46:21+00:00,0.8.10,wiki1000m,load,651.3,6195.2,,,,14722732,15444086,,ok,
2026-04-22T17:46:23+00:00,0.8.10,wiki1000m,P31 LIMIT 50,1380.6,,,,,,,50,ok,
2026-04-22T17:46:23+00:00,0.8.10,wiki1000m,Q5 (human) lookup,203.1,,,,,,,10,ok,
2026-04-22T17:46:26+00:00,0.8.10,wiki1000m,P31 class counts,3606.8,,,,,,,10,ok,
2026-04-22T17:46:27+00:00,0.8.10,wiki1000m,2-hop P31 + P279,837.5,,,,,,,10,ok,
2026-04-22T17:46:28+00:00,0.8.10,wiki1000m,Human citizenship (P27),462.6,,,,,,,10,ok,
2026-04-22T17:46:29+00:00,0.8.10,wiki1000m,OPTIONAL citizenship,1172.2,,,,,,,10,ok,
2026-04-22T17:46:29+00:00,0.8.10,wiki1000m,EXISTS P27,113.1,,,,,,,10,ok,
2026-04-22T17:46:37+00:00,0.8.10,wiki1000m,WITH P27 count,7546.6,,,,,,,10,ok,
2026-04-22T18:01:52+00:00,0.8.12,wiki500k,build,189.7,165.1,5262039,500000,2635453.0,993,745,,ok,
2026-04-22T18:01:52+00:00,0.8.12,wiki500k,save,1.8,,5480027,,,,,,ok,
2026-04-22T18:01:52+00:00,0.8.12,wiki500k,load,3.9,165.1,,,,993,745,,ok,
2026-04-22T18:01:52+00:00,0.8.12,wiki500k,P31 LIMIT 50,3.6,,,,,,,5,ok,
2026-04-22T18:01:52+00:00,0.8.12,wiki500k,Q5 (human) lookup,0.0,,,,,,,10,ok,
2026-04-22T18:01:52+00:00,0.8.12,wiki500k,P31 class counts,0.1,,,,,,,2,ok,
2026-04-22T18:01:52+00:00,0.8.12,wiki500k,2-hop P31 + P279,0.0,,,,,,,0,ok,
2026-04-22T18:01:52+00:00,0.8.12,wiki500k,Human citizenship (P27),0.0,,,,,,,10,ok,
2026-04-22T18:01:52+00:00,0.8.12,wiki500k,OPTIONAL citizenship,0.1,,,,,,,10,ok,
2026-04-22T18:01:52+00:00,0.8.12,wiki500k,EXISTS P27,0.0,,,,,,,10,ok,
2026-04-22T18:01:52+00:00,0.8.12,wiki500k,WITH P27 count,0.1,,,,,,,6,ok,
2026-04-22T18:01:54+00:00,0.8.12,wiki5m,build,1478.6,439.6,43548468,5000000,3381665.6,20776,18400,,ok,
2026-04-22T18:01:54+00:00,0.8.12,wiki5m,save,7.5,,45038547,,,,,,ok,
2026-04-22T18:01:54+00:00,0.8.12,wiki5m,load,12.0,439.6,,,,20776,18400,,ok,
2026-04-22T18:01:54+00:00,0.8.12,wiki5m,P31 LIMIT 50,0.9,,,,,,,50,ok,
2026-04-22T18:01:54+00:00,0.8.12,wiki5m,Q5 (human) lookup,0.8,,,,,,,10,ok,
2026-04-22T18:01:54+00:00,0.8.12,wiki5m,P31 class counts,1.5,,,,,,,10,ok,
2026-04-22T18:01:54+00:00,0.8.12,wiki5m,2-hop P31 + P279,0.3,,,,,,,7,ok,
2026-04-22T18:01:54+00:00,0.8.12,wiki5m,Human citizenship (P27),3.1,,,,,,,10,ok,
2026-04-22T18:01:54+00:00,0.8.12,wiki5m,OPTIONAL citizenship,4.3,,,,,,,10,ok,
2026-04-22T18:01:54+00:00,0.8.12,wiki5m,EXISTS P27,0.8,,,,,,,10,ok,
2026-04-22T18:01:54+00:00,0.8.12,wiki5m,WITH P27 count,1.6,,,,,,,10,ok,
2026-04-22T18:02:07+00:00,0.8.12,wiki50m,build,13576.0,1185.4,317940237,50000000,3682973.1,377161,281837,,ok,
2026-04-22T18:02:07+00:00,0.8.12,wiki50m,save,108.9,,337140338,,,,,,ok,
2026-04-22T18:02:07+00:00,0.8.12,wiki50m,load,52.6,1185.4,,,,377161,281837,,ok,
2026-04-22T18:02:07+00:00,0.8.12,wiki50m,P31 LIMIT 50,24.0,,,,,,,50,ok,
2026-04-22T18:02:07+00:00,0.8.12,wiki50m,Q5 (human) lookup,8.7,,,,,,,10,ok,
2026-04-22T18:02:07+00:00,0.8.12,wiki50m,P31 class counts,26.5,,,,,,,10,ok,
2026-04-22T18:02:07+00:00,0.8.12,wiki50m,2-hop P31 + P279,13.5,,,,,,,10,ok,
2026-04-22T18:02:07+00:00,0.8.12,wiki50m,Human citizenship (P27),35.1,,,,,,,10,ok,
2026-04-22T18:02:07+00:00,0.8.12,wiki50m,OPTIONAL citizenship,50.8,,,,,,,10,ok,
2026-04-22T18:02:07+00:00,0.8.12,wiki50m,EXISTS P27,7.2,,,,,,,10,ok,
2026-04-22T18:02:08+00:00,0.8.12,wiki50m,WITH P27 count,30.0,,,,,,,10,ok,
2026-04-22T18:02:37+00:00,0.8.12,wiki100m,build,29071.7,1695.6,583787040,100000000,3439776.6,938361,748198,,ok,
2026-04-22T18:02:37+00:00,0.8.12,wiki100m,save,285.2,,633241191,,,,,,ok,
2026-04-22T18:02:37+00:00,0.8.12,wiki100m,load,82.4,1695.6,,,,938361,748198,,ok,
2026-04-22T18:02:37+00:00,0.8.12,wiki100m,P31 LIMIT 50,53.2,,,,,,,50,ok,
2026-04-22T18:02:37+00:00,0.8.12,wiki100m,Q5 (human) lookup,19.3,,,,,,,10,ok,
2026-04-22T18:02:37+00:00,0.8.12,wiki100m,P31 class counts,93.3,,,,,,,10,ok,
2026-04-22T18:02:37+00:00,0.8.12,wiki100m,2-hop P31 + P279,32.9,,,,,,,10,ok,
2026-04-22T18:02:37+00:00,0.8.12,wiki100m,Human citizenship (P27),54.8,,,,,,,10,ok,
2026-04-22T18:02:37+00:00,0.8.12,wiki100m,OPTIONAL citizenship,104.3,,,,,,,10,ok,
2026-04-22T18:02:37+00:00,0.8.12,wiki100m,EXISTS P27,13.4,,,,,,,10,ok,
2026-04-22T18:02:37+00:00,0.8.12,wiki100m,WITH P27 count,73.5,,,,,,,10,ok,
2026-04-22T18:03:38+00:00,0.8.12,wiki200m,build,60315.2,2391.8,1011925660,200000000,3315915.2,2111520,1405964,,ok,
2026-04-22T18:03:39+00:00,0.8.12,wiki200m,save,648.5,,1087571284,,,,,,ok,
2026-04-22T18:03:39+00:00,0.8.12,wiki200m,load,128.7,2391.8,,,,2111520,1405964,,ok,
2026-04-22T18:03:39+00:00,0.8.12,wiki200m,P31 LIMIT 50,126.2,,,,,,,50,ok,
2026-04-22T18:03:39+00:00,0.8.12,wiki200m,Q5 (human) lookup,31.3,,,,,,,10,ok,
2026-04-22T18:03:39+00:00,0.8.12,wiki200m,P31 class counts,242.9,,,,,,,10,ok,
2026-04-22T18:03:39+00:00,0.8.12,wiki200m,2-hop P31 + P279,75.5,,,,,,,10,ok,
2026-04-22T18:03:39+00:00,0.8.12,wiki200m,Human citizenship (P27),86.4,,,,,,,10,ok,
2026-04-22T18:03:39+00:00,0.8.12,wiki200m,OPTIONAL citizenship,174.0,,,,,,,10,ok,
2026-04-22T18:03:39+00:00,0.8.12,wiki200m,EXISTS P27,21.6,,,,,,,10,ok,
2026-04-22T18:03:40+00:00,0.8.12,wiki200m,WITH P27 count,171.1,,,,,,,10,ok,
2026-04-22T18:06:16+00:00,0.8.12,wiki500m,build,156684.2,5276.7,2615386559,500000000,3191132.5,5571305,6736788,,ok,
2026-04-22T18:06:19+00:00,0.8.12,wiki500m,save,2240.3,,2961009815,,,,,,ok,
2026-04-22T18:06:19+00:00,0.8.12,wiki500m,load,252.7,5276.7,,,,5571305,6736788,,ok,
2026-04-22T18:06:19+00:00,0.8.12,wiki500m,P31 LIMIT 50,443.0,,,,,,,50,ok,
2026-04-22T18:06:19+00:00,0.8.12,wiki500m,Q5 (human) lookup,49.1,,,,,,,10,ok,
2026-04-22T18:06:21+00:00,0.8.12,wiki500m,P31 class counts,1465.6,,,,,,,10,ok,
2026-04-22T18:06:21+00:00,0.8.12,wiki500m,2-hop P31 + P279,242.2,,,,,,,10,ok,
2026-04-22T18:06:21+00:00,0.8.12,wiki500m,Human citizenship (P27),114.4,,,,,,,10,ok,
2026-04-22T18:06:22+00:00,0.8.12,wiki500m,OPTIONAL citizenship,271.1,,,,,,,10,ok,
2026-04-22T18:06:22+00:00,0.8.12,wiki500m,EXISTS P27,33.2,,,,,,,10,ok,
2026-04-22T18:06:22+00:00,0.8.12,wiki500m,WITH P27 count,426.4,,,,,,,10,ok,
2026-04-22T18:13:06+00:00,0.8.12,wiki1000m,build,403329.6,6841.3,6463055873,1000000000,2479361.8,14722732,15444086,,ok,
2026-04-22T18:13:13+00:00,0.8.12,wiki1000m,save,7496.8,,7499622425,,,,,,ok,
2026-04-22T18:13:14+00:00,0.8.12,wiki1000m,load,704.7,6841.3,,,,14722732,15444086,,ok,
2026-04-22T18:13:15+00:00,0.8.12,wiki1000m,P31 LIMIT 50,1089.7,,,,,,,50,ok,
2026-04-22T18:13:15+00:00,0.8.12,wiki1000m,Q5 (human) lookup,138.8,,,,,,,10,ok,
2026-04-22T18:13:19+00:00,0.8.12,wiki1000m,P31 class counts,3824.4,,,,,,,10,ok,
2026-04-22T18:13:20+00:00,0.8.12,wiki1000m,2-hop P31 + P279,680.8,,,,,,,10,ok,
2026-04-22T18:13:20+00:00,0.8.12,wiki1000m,Human citizenship (P27),300.2,,,,,,,10,ok,
2026-04-22T18:13:21+00:00,0.8.12,wiki1000m,OPTIONAL citizenship,815.5,,,,,,,10,ok,
2026-04-22T18:13:21+00:00,0.8.12,wiki1000m,EXISTS P27,84.0,,,,,,,10,ok,
2026-04-22T18:13:27+00:00,0.8.12,wiki1000m,WITH P27 count,5386.8,,,,,,,10,ok,
2026-04-22T19:27:45+00:00,0.8.12-ph7,wiki50m,build,13127.7,1166.4,317832483,50000000,3808743.1,377161,281837,,ok,
2026-04-22T19:27:45+00:00,0.8.12-ph7,wiki50m,save,108.1,,337031191,,,,,,ok,
2026-04-22T19:27:45+00:00,0.8.12-ph7,wiki50m,load,51.4,1166.4,,,,377161,281837,,ok,
2026-04-22T19:27:45+00:00,0.8.12-ph7,wiki50m,P31 LIMIT 50,22.7,,,,,,,50,ok,
2026-04-22T19:27:45+00:00,0.8.12-ph7,wiki50m,Q5 (human) lookup,7.9,,,,,,,10,ok,
2026-04-22T19:27:45+00:00,0.8.12-ph7,wiki50m,P31 class counts,28.7,,,,,,,10,ok,
2026-04-22T19:27:45+00:00,0.8.12-ph7,wiki50m,2-hop P31 + P279,13.1,,,,,,,10,ok,
2026-04-22T19:27:45+00:00,0.8.12-ph7,wiki50m,Human citizenship (P27),34.4,,,,,,,10,ok,
2026-04-22T19:27:45+00:00,0.8.12-ph7,wiki50m,OPTIONAL citizenship,47.3,,,,,,,10,ok,
2026-04-22T19:27:45+00:00,0.8.12-ph7,wiki50m,EXISTS P27,6.6,,,,,,,10,ok,
2026-04-22T19:27:45+00:00,0.8.12-ph7,wiki50m,WITH P27 count,44.8,,,,,,,10,ok,
2026-04-22T19:28:14+00:00,0.8.12-ph7,wiki100m,build,28718.5,1689.2,583919193,100000000,3482071.8,938361,748198,,ok,
2026-04-22T19:28:14+00:00,0.8.12-ph7,wiki100m,save,283.6,,633373743,,,,,,ok,
2026-04-22T19:28:14+00:00,0.8.12-ph7,wiki100m,load,80.2,1689.2,,,,938361,748198,,ok,
2026-04-22T19:28:14+00:00,0.8.12-ph7,wiki100m,P31 LIMIT 50,53.2,,,,,,,50,ok,
2026-04-22T19:28:14+00:00,0.8.12-ph7,wiki100m,Q5 (human) lookup,18.7,,,,,,,10,ok,
2026-04-22T19:28:14+00:00,0.8.12-ph7,wiki100m,P31 class counts,134.4,,,,,,,10,ok,
2026-04-22T19:28:14+00:00,0.8.12-ph7,wiki100m,2-hop P31 + P279,33.4,,,,,,,10,ok,
2026-04-22T19:28:14+00:00,0.8.12-ph7,wiki100m,Human citizenship (P27),54.7,,,,,,,10,ok,
2026-04-22T19:28:15+00:00,0.8.12-ph7,wiki100m,OPTIONAL citizenship,113.0,,,,,,,10,ok,
2026-04-22T19:28:15+00:00,0.8.12-ph7,wiki100m,EXISTS P27,13.4,,,,,,,10,ok,
2026-04-22T19:28:15+00:00,0.8.12-ph7,wiki100m,WITH P27 count,74.0,,,,,,,10,ok,
2026-04-22T20:07:30+00:00,0.8.12-p27fix,wiki500m,build,156517.5,5471.4,2615907655,500000000,3194531.9,5571305,6736788,,ok,
2026-04-22T20:07:32+00:00,0.8.12-p27fix,wiki500m,save,2212.3,,2961521679,,,,,,ok,
2026-04-22T20:07:33+00:00,0.8.12-p27fix,wiki500m,load,250.4,5471.4,,,,5571305,6736788,,ok,
2026-04-22T20:07:33+00:00,0.8.12-p27fix,wiki500m,P31 LIMIT 50,452.6,,,,,,,50,ok,
2026-04-22T20:07:33+00:00,0.8.12-p27fix,wiki500m,Q5 (human) lookup,49.9,,,,,,,10,ok,
2026-04-22T20:07:35+00:00,0.8.12-p27fix,wiki500m,P31 class counts,1366.5,,,,,,,10,ok,
2026-04-22T20:07:35+00:00,0.8.12-p27fix,wiki500m,2-hop P31 + P279,248.9,,,,,,,10,ok,
2026-04-22T20:07:35+00:00,0.8.12-p27fix,wiki500m,Human citizenship (P27),115.9,,,,,,,10,ok,
2026-04-22T20:07:35+00:00,0.8.12-p27fix,wiki500m,OPTIONAL citizenship,263.3,,,,,,,10,ok,
2026-04-22T20:07:35+00:00,0.8.12-p27fix,wiki500m,EXISTS P27,33.8,,,,,,,10,ok,
2026-04-22T20:07:36+00:00,0.8.12-p27fix,wiki500m,WITH P27 count,446.0,,,,,,,10,ok,
2026-04-22T20:17:54+00:00,0.8.12-p27fix,wiki1000m,build,415992.2,7221.0,6463142928,1000000000,2403891.1,14722732,15444086,,ok,
2026-04-22T20:18:01+00:00,0.8.12-p27fix,wiki1000m,save,7231.7,,7499733239,,,,,,ok,
2026-04-22T20:18:02+00:00,0.8.12-p27fix,wiki1000m,load,660.8,7221.0,,,,14722732,15444086,,ok,
2026-04-22T20:18:03+00:00,0.8.12-p27fix,wiki1000m,P31 LIMIT 50,949.4,,,,,,,50,ok,
2026-04-22T20:18:03+00:00,0.8.12-p27fix,wiki1000m,Q5 (human) lookup,146.4,,,,,,,10,ok,
2026-04-22T20:18:07+00:00,0.8.12-p27fix,wiki1000m,P31 class counts,3810.4,,,,,,,10,ok,
2026-04-22T20:18:07+00:00,0.8.12-p27fix,wiki1000m,2-hop P31 + P279,712.3,,,,,,,10,ok,
2026-04-22T20:18:08+00:00,0.8.12-p27fix,wiki1000m,Human citizenship (P27),293.3,,,,,,,10,ok,
2026-04-22T20:18:08+00:00,0.8.12-p27fix,wiki1000m,OPTIONAL citizenship,770.4,,,,,,,10,ok,
2026-04-22T20:18:09+00:00,0.8.12-p27fix,wiki1000m,EXISTS P27,88.5,,,,,,,10,ok,
2026-04-22T20:18:13+00:00,0.8.12-p27fix,wiki1000m,WITH P27 count,4488.1,,,,,,,10,ok,
2026-04-22T20:37:55+00:00,0.8.12-p27linear,wiki1000m,build,438559.6,7524.9,6463701574,1000000000,2280191.6,14722732,15444086,,ok,
2026-04-22T20:38:02+00:00,0.8.12-p27linear,wiki1000m,save,6862.1,,7500258235,,,,,,ok,
2026-04-22T20:38:03+00:00,0.8.12-p27linear,wiki1000m,load,666.0,7524.9,,,,14722732,15444086,,ok,
2026-04-22T20:38:04+00:00,0.8.12-p27linear,wiki1000m,P31 LIMIT 50,955.8,,,,,,,50,ok,
2026-04-22T20:38:04+00:00,0.8.12-p27linear,wiki1000m,Q5 (human) lookup,136.1,,,,,,,10,ok,
2026-04-22T20:38:07+00:00,0.8.12-p27linear,wiki1000m,P31 class counts,3650.6,,,,,,,10,ok,
2026-04-22T20:38:08+00:00,0.8.12-p27linear,wiki1000m,2-hop P31 + P279,623.8,,,,,,,10,ok,
2026-04-22T20:38:08+00:00,0.8.12-p27linear,wiki1000m,Human citizenship (P27),267.2,,,,,,,10,ok,
2026-04-22T20:38:09+00:00,0.8.12-p27linear,wiki1000m,OPTIONAL citizenship,756.8,,,,,,,10,ok,
2026-04-22T20:38:09+00:00,0.8.12-p27linear,wiki1000m,EXISTS P27,81.3,,,,,,,10,ok,
2026-04-22T20:38:14+00:00,0.8.12-p27linear,wiki1000m,WITH P27 count,4859.1,,,,,,,10,ok,
2026-04-22T21:00:52+00:00,0.8.12-p27deferred,wiki1000m,build,442314.4,7531.2,6463522428,1000000000,2260835.2,14722732,15444086,,ok,
2026-04-22T21:01:00+00:00,0.8.12-p27deferred,wiki1000m,save,7233.4,,7500091817,,,,,,ok,
2026-04-22T21:01:01+00:00,0.8.12-p27deferred,wiki1000m,load,690.2,7531.2,,,,14722732,15444086,,ok,
2026-04-22T21:01:02+00:00,0.8.12-p27deferred,wiki1000m,P31 LIMIT 50,1089.6,,,,,,,50,ok,
2026-04-22T21:01:02+00:00,0.8.12-p27deferred,wiki1000m,Q5 (human) lookup,137.4,,,,,,,10,ok,
2026-04-22T21:01:06+00:00,0.8.12-p27deferred,wiki1000m,P31 class counts,3701.6,,,,,,,10,ok,
2026-04-22T21:01:06+00:00,0.8.12-p27deferred,wiki1000m,2-hop P31 + P279,680.7,,,,,,,10,ok,
2026-04-22T21:01:07+00:00,0.8.12-p27deferred,wiki1000m,Human citizenship (P27),270.9,,,,,,,10,ok,
2026-04-22T21:01:07+00:00,0.8.12-p27deferred,wiki1000m,OPTIONAL citizenship,746.9,,,,,,,10,ok,
2026-04-22T21:01:08+00:00,0.8.12-p27deferred,wiki1000m,EXISTS P27,88.1,,,,,,,10,ok,
2026-04-22T21:01:08+00:00,0.8.12-p27deferred,wiki1000m,WITH P27 count,13.2,,,,,,,10,ok,
2026-04-22T21:02:08+00:00,0.8.12-p27deferred,wiki500k,build,175.8,164.7,5274017,500000,2844766.1,993,745,,ok,
2026-04-22T21:02:08+00:00,0.8.12-p27deferred,wiki500k,save,1.7,,5492004,,,,,,ok,
2026-04-22T21:02:08+00:00,0.8.12-p27deferred,wiki500k,load,3.1,164.7,,,,993,745,,ok,
2026-04-22T21:02:08+00:00,0.8.12-p27deferred,wiki500k,P31 LIMIT 50,3.4,,,,,,,5,ok,
2026-04-22T21:02:08+00:00,0.8.12-p27deferred,wiki500k,Q5 (human) lookup,0.0,,,,,,,10,ok,
2026-04-22T21:02:08+00:00,0.8.12-p27deferred,wiki500k,P31 class counts,0.1,,,,,,,2,ok,
2026-04-22T21:02:08+00:00,0.8.12-p27deferred,wiki500k,2-hop P31 + P279,0.0,,,,,,,0,ok,
2026-04-22T21:02:08+00:00,0.8.12-p27deferred,wiki500k,Human citizenship (P27),0.0,,,,,,,10,ok,
2026-04-22T21:02:08+00:00,0.8.12-p27deferred,wiki500k,OPTIONAL citizenship,0.1,,,,,,,10,ok,
2026-04-22T21:02:08+00:00,0.8.12-p27deferred,wiki500k,EXISTS P27,0.0,,,,,,,10,ok,
2026-04-22T21:02:08+00:00,0.8.12-p27deferred,wiki500k,WITH P27 count,0.0,,,,,,,6,ok,
2026-04-22T21:02:10+00:00,0.8.12-p27deferred,wiki5m,build,1428.0,433.2,43547811,5000000,3501371.7,20776,18400,,ok,
2026-04-22T21:02:10+00:00,0.8.12-p27deferred,wiki5m,save,7.5,,45038211,,,,,,ok,
2026-04-22T21:02:10+00:00,0.8.12-p27deferred,wiki5m,load,11.6,433.2,,,,20776,18400,,ok,
2026-04-22T21:02:10+00:00,0.8.12-p27deferred,wiki5m,P31 LIMIT 50,2.1,,,,,,,50,ok,
2026-04-22T21:02:10+00:00,0.8.12-p27deferred,wiki5m,Q5 (human) lookup,0.7,,,,,,,10,ok,
2026-04-22T21:02:10+00:00,0.8.12-p27deferred,wiki5m,P31 class counts,1.3,,,,,,,10,ok,
2026-04-22T21:02:10+00:00,0.8.12-p27deferred,wiki5m,2-hop P31 + P279,0.3,,,,,,,7,ok,
2026-04-22T21:02:10+00:00,0.8.12-p27deferred,wiki5m,Human citizenship (P27),2.9,,,,,,,10,ok,
2026-04-22T21:02:10+00:00,0.8.12-p27deferred,wiki5m,OPTIONAL citizenship,4.2,,,,,,,10,ok,
2026-04-22T21:02:10+00:00,0.8.12-p27deferred,wiki5m,EXISTS P27,0.8,,,,,,,10,ok,
2026-04-22T21:02:10+00:00,0.8.12-p27deferred,wiki5m,WITH P27 count,0.2,,,,,,,10,ok,
2026-04-22T21:02:23+00:00,0.8.12-p27deferred,wiki50m,build,13333.7,1163.6,317927437,50000000,3749885.7,377161,281837,,ok,
2026-04-22T21:02:23+00:00,0.8.12-p27deferred,wiki50m,save,103.3,,337125575,,,,,,ok,
2026-04-22T21:02:23+00:00,0.8.12-p27deferred,wiki50m,load,51.8,1163.6,,,,377161,281837,,ok,
2026-04-22T21:02:23+00:00,0.8.12-p27deferred,wiki50m,P31 LIMIT 50,21.8,,,,,,,50,ok,
2026-04-22T21:02:23+00:00,0.8.12-p27deferred,wiki50m,Q5 (human) lookup,8.3,,,,,,,10,ok,
2026-04-22T21:02:23+00:00,0.8.12-p27deferred,wiki50m,P31 class counts,25.8,,,,,,,10,ok,
2026-04-22T21:02:23+00:00,0.8.12-p27deferred,wiki50m,2-hop P31 + P279,13.5,,,,,,,10,ok,
2026-04-22T21:02:23+00:00,0.8.12-p27deferred,wiki50m,Human citizenship (P27),33.6,,,,,,,10,ok,
2026-04-22T21:02:23+00:00,0.8.12-p27deferred,wiki50m,OPTIONAL citizenship,47.9,,,,,,,10,ok,
2026-04-22T21:02:23+00:00,0.8.12-p27deferred,wiki50m,EXISTS P27,7.0,,,,,,,10,ok,
2026-04-22T21:02:23+00:00,0.8.12-p27deferred,wiki50m,WITH P27 count,1.1,,,,,,,10,ok,
2026-04-22T21:02:52+00:00,0.8.12-p27deferred,wiki100m,build,28681.3,1618.7,583588021,100000000,3486596.2,938361,748198,,ok,
2026-04-22T21:02:52+00:00,0.8.12-p27deferred,wiki100m,save,265.9,,633045073,,,,,,ok,
2026-04-22T21:02:53+00:00,0.8.12-p27deferred,wiki100m,load,80.2,1618.7,,,,938361,748198,,ok,
2026-04-22T21:02:53+00:00,0.8.12-p27deferred,wiki100m,P31 LIMIT 50,52.1,,,,,,,50,ok,
2026-04-22T21:02:53+00:00,0.8.12-p27deferred,wiki100m,Q5 (human) lookup,19.0,,,,,,,10,ok,
2026-04-22T21:02:53+00:00,0.8.12-p27deferred,wiki100m,P31 class counts,91.6,,,,,,,10,ok,
2026-04-22T21:02:53+00:00,0.8.12-p27deferred,wiki100m,2-hop P31 + P279,32.6,,,,,,,10,ok,
2026-04-22T21:02:53+00:00,0.8.12-p27deferred,wiki100m,Human citizenship (P27),53.6,,,,,,,10,ok,
2026-04-22T21:02:53+00:00,0.8.12-p27deferred,wiki100m,OPTIONAL citizenship,101.4,,,,,,,10,ok,
2026-04-22T21:02:53+00:00,0.8.12-p27deferred,wiki100m,EXISTS P27,13.1,,,,,,,10,ok,
2026-04-22T21:02:53+00:00,0.8.12-p27deferred,wiki100m,WITH P27 count,1.7,,,,,,,10,ok,
2026-04-22T21:03:53+00:00,0.8.12-p27deferred,wiki200m,build,59928.2,2385.0,1012018253,200000000,3337327.5,2111520,1405964,,ok,
2026-04-22T21:03:54+00:00,0.8.12-p27deferred,wiki200m,save,620.1,,1087636192,,,,,,ok,
2026-04-22T21:03:54+00:00,0.8.12-p27deferred,wiki200m,load,125.2,2385.0,,,,2111520,1405964,,ok,
2026-04-22T21:03:54+00:00,0.8.12-p27deferred,wiki200m,P31 LIMIT 50,120.7,,,,,,,50,ok,
2026-04-22T21:03:54+00:00,0.8.12-p27deferred,wiki200m,Q5 (human) lookup,31.2,,,,,,,10,ok,
2026-04-22T21:03:54+00:00,0.8.12-p27deferred,wiki200m,P31 class counts,279.3,,,,,,,10,ok,
2026-04-22T21:03:54+00:00,0.8.12-p27deferred,wiki200m,2-hop P31 + P279,73.2,,,,,,,10,ok,
2026-04-22T21:03:54+00:00,0.8.12-p27deferred,wiki200m,Human citizenship (P27),83.0,,,,,,,10,ok,
2026-04-22T21:03:54+00:00,0.8.12-p27deferred,wiki200m,OPTIONAL citizenship,168.2,,,,,,,10,ok,
2026-04-22T21:03:54+00:00,0.8.12-p27deferred,wiki200m,EXISTS P27,21.6,,,,,,,10,ok,
2026-04-22T21:03:54+00:00,0.8.12-p27deferred,wiki200m,WITH P27 count,2.8,,,,,,,10,ok,
2026-04-22T21:06:31+00:00,0.8.12-p27deferred,wiki500m,build,156659.3,5369.0,2614847705,500000000,3191640.1,5571305,6736788,,ok,
2026-04-22T21:06:33+00:00,0.8.12-p27deferred,wiki500m,save,2095.5,,2960460369,,,,,,ok,
2026-04-22T21:06:34+00:00,0.8.12-p27deferred,wiki500m,load,245.8,5369.0,,,,5571305,6736788,,ok,
2026-04-22T21:06:34+00:00,0.8.12-p27deferred,wiki500m,P31 LIMIT 50,438.9,,,,,,,50,ok,
2026-04-22T21:06:34+00:00,0.8.12-p27deferred,wiki500m,Q5 (human) lookup,49.0,,,,,,,10,ok,
2026-04-22T21:06:36+00:00,0.8.12-p27deferred,wiki500m,P31 class counts,1389.6,,,,,,,10,ok,
2026-04-22T21:06:36+00:00,0.8.12-p27deferred,wiki500m,2-hop P31 + P279,238.1,,,,,,,10,ok,
2026-04-22T21:06:36+00:00,0.8.12-p27deferred,wiki500m,Human citizenship (P27),114.6,,,,,,,10,ok,
2026-04-22T21:06:36+00:00,0.8.12-p27deferred,wiki500m,OPTIONAL citizenship,257.8,,,,,,,10,ok,
2026-04-22T21:06:36+00:00,0.8.12-p27deferred,wiki500m,EXISTS P27,33.7,,,,,,,10,ok,
2026-04-22T21:06:36+00:00,0.8.12-p27deferred,wiki500m,WITH P27 count,6.0,,,,,,,10,ok,
2026-04-22T21:50:45+00:00,0.8.12-p31fix,wiki500k,build,168.2,162.6,5288106,500000,2972752.5,993,745,,ok,
2026-04-22T21:50:45+00:00,0.8.12-p31fix,wiki500k,save,1.5,,5506114,,,,,,ok,
2026-04-22T21:50:45+00:00,0.8.12-p31fix,wiki500k,load,2.8,162.6,,,,993,745,,ok,
2026-04-22T21:50:45+00:00,0.8.12-p31fix,wiki500k,P31 LIMIT 50,0.1,,,,,,,5,ok,
2026-04-22T21:50:45+00:00,0.8.12-p31fix,wiki500k,Q5 (human) lookup,0.0,,,,,,,10,ok,
2026-04-22T21:50:45+00:00,0.8.12-p31fix,wiki500k,P31 class counts,0.0,,,,,,,2,ok,
2026-04-22T21:50:45+00:00,0.8.12-p31fix,wiki500k,2-hop P31 + P279,0.0,,,,,,,0,ok,
2026-04-22T21:50:45+00:00,0.8.12-p31fix,wiki500k,Human citizenship (P27),0.0,,,,,,,10,ok,
2026-04-22T21:50:45+00:00,0.8.12-p31fix,wiki500k,OPTIONAL citizenship,0.1,,,,,,,10,ok,
2026-04-22T21:50:45+00:00,0.8.12-p31fix,wiki500k,EXISTS P27,0.0,,,,,,,10,ok,
2026-04-22T21:50:45+00:00,0.8.12-p31fix,wiki500k,WITH P27 count,0.0,,,,,,,6,ok,
2026-04-22T21:50:47+00:00,0.8.12-p31fix,wiki5m,build,1450.9,433.4,43526267,5000000,3446250.8,20776,18400,,ok,
2026-04-22T21:50:47+00:00,0.8.12-p31fix,wiki5m,save,7.3,,45016555,,,,,,ok,
2026-04-22T21:50:47+00:00,0.8.12-p31fix,wiki5m,load,11.6,433.4,,,,20776,18400,,ok,
2026-04-22T21:50:47+00:00,0.8.12-p31fix,wiki5m,P31 LIMIT 50,0.9,,,,,,,50,ok,
2026-04-22T21:50:47+00:00,0.8.12-p31fix,wiki5m,Q5 (human) lookup,0.7,,,,,,,10,ok,
2026-04-22T21:50:47+00:00,0.8.12-p31fix,wiki5m,P31 class counts,0.0,,,,,,,10,ok,
2026-04-22T21:50:47+00:00,0.8.12-p31fix,wiki5m,2-hop P31 + P279,0.2,,,,,,,7,ok,
2026-04-22T21:50:47+00:00,0.8.12-p31fix,wiki5m,Human citizenship (P27),3.0,,,,,,,10,ok,
2026-04-22T21:50:47+00:00,0.8.12-p31fix,wiki5m,OPTIONAL citizenship,4.2,,,,,,,10,ok,
2026-04-22T21:50:47+00:00,0.8.12-p31fix,wiki5m,EXISTS P27,0.7,,,,,,,10,ok,
2026-04-22T21:50:47+00:00,0.8.12-p31fix,wiki5m,WITH P27 count,0.2,,,,,,,10,ok,
2026-04-22T21:51:02+00:00,0.8.12-p31fix,wiki50m,build,15491.8,1154.7,318186592,50000000,3227514.3,377161,281837,,ok,
2026-04-22T21:51:03+00:00,0.8.12-p31fix,wiki50m,save,102.2,,337387702,,,,,,ok,
2026-04-22T21:51:03+00:00,0.8.12-p31fix,wiki50m,load,52.0,1154.7,,,,377161,281837,,ok,
2026-04-22T21:51:03+00:00,0.8.12-p31fix,wiki50m,P31 LIMIT 50,22.2,,,,,,,50,ok,
2026-04-22T21:51:03+00:00,0.8.12-p31fix,wiki50m,Q5 (human) lookup,8.4,,,,,,,10,ok,
2026-04-22T21:51:03+00:00,0.8.12-p31fix,wiki50m,P31 class counts,0.1,,,,,,,10,ok,
2026-04-22T21:51:03+00:00,0.8.12-p31fix,wiki50m,2-hop P31 + P279,13.2,,,,,,,10,ok,
2026-04-22T21:51:03+00:00,0.8.12-p31fix,wiki50m,Human citizenship (P27),33.6,,,,,,,10,ok,
2026-04-22T21:51:03+00:00,0.8.12-p31fix,wiki50m,OPTIONAL citizenship,48.8,,,,,,,10,ok,
2026-04-22T21:51:03+00:00,0.8.12-p31fix,wiki50m,EXISTS P27,7.0,,,,,,,10,ok,
2026-04-22T21:51:03+00:00,0.8.12-p31fix,wiki50m,WITH P27 count,1.1,,,,,,,10,ok,
2026-04-22T21:51:31+00:00,0.8.12-p31fix,wiki100m,build,28665.2,1611.7,583643851,100000000,3488549.6,938361,748198,,ok,
2026-04-22T21:51:32+00:00,0.8.12-p31fix,wiki100m,save,274.5,,633097800,,,,,,ok,
2026-04-22T21:51:32+00:00,0.8.12-p31fix,wiki100m,load,81.0,1611.7,,,,938361,748198,,ok,
2026-04-22T21:51:32+00:00,0.8.12-p31fix,wiki100m,P31 LIMIT 50,52.6,,,,,,,50,ok,
2026-04-22T21:51:32+00:00,0.8.12-p31fix,wiki100m,Q5 (human) lookup,19.1,,,,,,,10,ok,
2026-04-22T21:51:32+00:00,0.8.12-p31fix,wiki100m,P31 class counts,0.1,,,,,,,10,ok,
2026-04-22T21:51:32+00:00,0.8.12-p31fix,wiki100m,2-hop P31 + P279,31.0,,,,,,,10,ok,
2026-04-22T21:51:32+00:00,0.8.12-p31fix,wiki100m,Human citizenship (P27),68.0,,,,,,,10,ok,
2026-04-22T21:51:32+00:00,0.8.12-p31fix,wiki100m,OPTIONAL citizenship,109.3,,,,,,,10,ok,
2026-04-22T21:51:32+00:00,0.8.12-p31fix,wiki100m,EXISTS P27,13.5,,,,,,,10,ok,
2026-04-22T21:51:32+00:00,0.8.12-p31fix,wiki100m,WITH P27 count,1.8,,,,,,,10,ok,
2026-04-22T21:52:32+00:00,0.8.12-p31fix,wiki200m,build,59403.3,2283.4,1011668107,200000000,3366817.9,2111520,1405964,,ok,
2026-04-22T21:52:32+00:00,0.8.12-p31fix,wiki200m,save,613.1,,1087293825,,,,,,ok,
2026-04-22T21:52:32+00:00,0.8.12-p31fix,wiki200m,load,125.0,2283.4,,,,2111520,1405964,,ok,
2026-04-22T21:52:33+00:00,0.8.12-p31fix,wiki200m,P31 LIMIT 50,121.4,,,,,,,50,ok,
2026-04-22T21:52:33+00:00,0.8.12-p31fix,wiki200m,Q5 (human) lookup,30.7,,,,,,,10,ok,
2026-04-22T21:52:33+00:00,0.8.12-p31fix,wiki200m,P31 class counts,0.1,,,,,,,10,ok,
2026-04-22T21:52:33+00:00,0.8.12-p31fix,wiki200m,2-hop P31 + P279,69.6,,,,,,,10,ok,
2026-04-22T21:52:33+00:00,0.8.12-p31fix,wiki200m,Human citizenship (P27),81.3,,,,,,,10,ok,
2026-04-22T21:52:33+00:00,0.8.12-p31fix,wiki200m,OPTIONAL citizenship,172.7,,,,,,,10,ok,
2026-04-22T21:52:33+00:00,0.8.12-p31fix,wiki200m,EXISTS P27,21.5,,,,,,,10,ok,
2026-04-22T21:52:33+00:00,0.8.12-p31fix,wiki200m,WITH P27 count,2.7,,,,,,,10,ok,
2026-04-22T21:55:07+00:00,0.8.12-p31fix,wiki500m,build,154231.5,5372.3,2615713961,500000000,3241879.9,5571305,6736788,,ok,
2026-04-22T21:55:09+00:00,0.8.12-p31fix,wiki500m,save,2073.9,,2961325187,,,,,,ok,
2026-04-22T21:55:10+00:00,0.8.12-p31fix,wiki500m,load,240.4,5372.3,,,,5571305,6736788,,ok,
2026-04-22T21:55:10+00:00,0.8.12-p31fix,wiki500m,P31 LIMIT 50,441.9,,,,,,,50,ok,
2026-04-22T21:55:10+00:00,0.8.12-p31fix,wiki500m,Q5 (human) lookup,48.2,,,,,,,10,ok,
2026-04-22T21:55:10+00:00,0.8.12-p31fix,wiki500m,P31 class counts,0.3,,,,,,,10,ok,
2026-04-22T21:55:10+00:00,0.8.12-p31fix,wiki500m,2-hop P31 + P279,226.3,,,,,,,10,ok,
2026-04-22T21:55:10+00:00,0.8.12-p31fix,wiki500m,Human citizenship (P27),122.1,,,,,,,10,ok,
2026-04-22T21:55:11+00:00,0.8.12-p31fix,wiki500m,OPTIONAL citizenship,253.1,,,,,,,10,ok,
2026-04-22T21:55:11+00:00,0.8.12-p31fix,wiki500m,EXISTS P27,33.3,,,,,,,10,ok,
2026-04-22T21:55:11+00:00,0.8.12-p31fix,wiki500m,WITH P27 count,7.1,,,,,,,10,ok,
2026-04-22T22:02:19+00:00,0.8.12-p31fix,wiki1000m,build,427775.1,7244.9,6463069593,1000000000,2337676.8,14722732,15444086,,ok,
2026-04-22T22:02:26+00:00,0.8.12-p31fix,wiki1000m,save,7410.8,,7499664592,,,,,,ok,
2026-04-22T22:02:27+00:00,0.8.12-p31fix,wiki1000m,load,732.4,7244.9,,,,14722732,15444086,,ok,
2026-04-22T22:02:28+00:00,0.8.12-p31fix,wiki1000m,P31 LIMIT 50,948.4,,,,,,,50,ok,
2026-04-22T22:02:28+00:00,0.8.12-p31fix,wiki1000m,Q5 (human) lookup,225.5,,,,,,,10,ok,
2026-04-22T22:02:28+00:00,0.8.12-p31fix,wiki1000m,P31 class counts,0.3,,,,,,,10,ok,
2026-04-22T22:02:29+00:00,0.8.12-p31fix,wiki1000m,2-hop P31 + P279,562.5,,,,,,,10,ok,
2026-04-22T22:02:29+00:00,0.8.12-p31fix,wiki1000m,Human citizenship (P27),224.4,,,,,,,10,ok,
2026-04-22T22:02:30+00:00,0.8.12-p31fix,wiki1000m,OPTIONAL citizenship,692.5,,,,,,,10,ok,
2026-04-22T22:02:30+00:00,0.8.12-p31fix,wiki1000m,EXISTS P27,81.5,,,,,,,10,ok,
2026-04-22T22:02:30+00:00,0.8.12-p31fix,wiki1000m,WITH P27 count,14.9,,,,,,,10,ok,
2026-04-23T22:12:52+00:00,0.8.11,wiki500k,build,175.8,162.2,5281607,500000,2844850.4,993,745,,ok,
2026-04-23T22:12:52+00:00,0.8.11,wiki500k,save,3.9,,5499616,,,,,,ok,
2026-04-23T22:12:52+00:00,0.8.11,wiki500k,load,2.8,162.2,,,,993,745,,ok,
2026-04-23T22:12:52+00:00,0.8.11,wiki500k,P31 LIMIT 50,0.3,,,,,,,5,ok,
2026-04-23T22:12:52+00:00,0.8.11,wiki500k,Q5 (human) lookup,0.0,,,,,,,10,ok,
2026-04-23T22:12:52+00:00,0.8.11,wiki500k,P31 class counts,0.0,,,,,,,2,ok,
2026-04-23T22:12:52+00:00,0.8.11,wiki500k,2-hop P31 + P279,0.0,,,,,,,0,ok,
2026-04-23T22:12:52+00:00,0.8.11,wiki500k,Human citizenship (P27),0.0,,,,,,,10,ok,
2026-04-23T22:12:52+00:00,0.8.11,wiki500k,OPTIONAL citizenship,0.1,,,,,,,10,ok,
2026-04-23T22:12:52+00:00,0.8.11,wiki500k,EXISTS P27,0.0,,,,,,,10,ok,
2026-04-23T22:12:52+00:00,0.8.11,wiki500k,WITH P27 count,0.0,,,,,,,6,ok,
2026-04-23T22:12:54+00:00,0.8.11,wiki5m,build,1432.0,430.5,43617326,5000000,3491627.0,20776,18400,,ok,
2026-04-23T22:12:54+00:00,0.8.11,wiki5m,save,14.3,,45107591,,,,,,ok,
2026-04-23T22:12:54+00:00,0.8.11,wiki5m,load,11.3,430.5,,,,20776,18400,,ok,
2026-04-23T22:12:54+00:00,0.8.11,wiki5m,P31 LIMIT 50,0.9,,,,,,,50,ok,
2026-04-23T22:12:54+00:00,0.8.11,wiki5m,Q5 (human) lookup,0.7,,,,,,,10,ok,
2026-04-23T22:12:54+00:00,0.8.11,wiki5m,P31 class counts,0.0,,,,,,,10,ok,
2026-04-23T22:12:54+00:00,0.8.11,wiki5m,2-hop P31 + P279,0.2,,,,,,,7,ok,
2026-04-23T22:12:54+00:00,0.8.11,wiki5m,Human citizenship (P27),2.8,,,,,,,10,ok,
2026-04-23T22:12:54+00:00,0.8.11,wiki5m,OPTIONAL citizenship,4.3,,,,,,,10,ok,
2026-04-23T22:12:54+00:00,0.8.11,wiki5m,EXISTS P27,0.7,,,,,,,10,ok,
2026-04-23T22:12:54+00:00,0.8.11,wiki5m,WITH P27 count,0.2,,,,,,,10,ok,
2026-04-23T22:13:07+00:00,0.8.11,wiki50m,build,13418.9,1164.2,317870469,50000000,3726083.2,377161,281837,,ok,
2026-04-23T22:13:07+00:00,0.8.11,wiki50m,save,134.0,,337063218,,,,,,ok,
2026-04-23T22:13:07+00:00,0.8.11,wiki50m,load,52.4,1164.2,,,,377161,281837,,ok,
2026-04-23T22:13:07+00:00,0.8.11,wiki50m,P31 LIMIT 50,22.9,,,,,,,50,ok,
2026-04-23T22:13:07+00:00,0.8.11,wiki50m,Q5 (human) lookup,8.4,,,,,,,10,ok,
2026-04-23T22:13:07+00:00,0.8.11,wiki50m,P31 class counts,0.1,,,,,,,10,ok,
2026-04-23T22:13:07+00:00,0.8.11,wiki50m,2-hop P31 + P279,13.3,,,,,,,10,ok,
2026-04-23T22:13:07+00:00,0.8.11,wiki50m,Human citizenship (P27),34.2,,,,,,,10,ok,
2026-04-23T22:13:07+00:00,0.8.11,wiki50m,OPTIONAL citizenship,49.4,,,,,,,10,ok,
2026-04-23T22:13:07+00:00,0.8.11,wiki50m,EXISTS P27,7.1,,,,,,,10,ok,
2026-04-23T22:13:07+00:00,0.8.11,wiki50m,WITH P27 count,1.1,,,,,,,10,ok,
2026-04-23T22:13:37+00:00,0.8.11,wiki100m,build,29059.3,1678.4,583826114,100000000,3441238.5,938361,748198,,ok,
2026-04-23T22:13:37+00:00,0.8.11,wiki100m,save,313.0,,633278769,,,,,,ok,
2026-04-23T22:13:37+00:00,0.8.11,wiki100m,load,79.2,1678.4,,,,938361,748198,,ok,
2026-04-23T22:13:37+00:00,0.8.11,wiki100m,P31 LIMIT 50,53.5,,,,,,,50,ok,
2026-04-23T22:13:37+00:00,0.8.11,wiki100m,Q5 (human) lookup,18.3,,,,,,,10,ok,
2026-04-23T22:13:37+00:00,0.8.11,wiki100m,P31 class counts,0.1,,,,,,,10,ok,
2026-04-23T22:13:37+00:00,0.8.11,wiki100m,2-hop P31 + P279,30.8,,,,,,,10,ok,
2026-04-23T22:13:37+00:00,0.8.11,wiki100m,Human citizenship (P27),78.6,,,,,,,10,ok,
2026-04-23T22:13:37+00:00,0.8.11,wiki100m,OPTIONAL citizenship,106.9,,,,,,,10,ok,
2026-04-23T22:13:37+00:00,0.8.11,wiki100m,EXISTS P27,13.4,,,,,,,10,ok,
2026-04-23T22:13:37+00:00,0.8.11,wiki100m,WITH P27 count,1.8,,,,,,,10,ok,
2026-04-23T22:14:37+00:00,0.8.11,wiki200m,build,59863.4,2260.7,1012082924,200000000,3340937.2,2111520,1405964,,ok,
2026-04-23T22:14:38+00:00,0.8.11,wiki200m,save,669.3,,1087712874,,,,,,ok,
2026-04-23T22:14:38+00:00,0.8.11,wiki200m,load,127.6,2260.7,,,,2111520,1405964,,ok,
2026-04-23T22:14:38+00:00,0.8.11,wiki200m,P31 LIMIT 50,119.0,,,,,,,50,ok,
2026-04-23T22:14:38+00:00,0.8.11,wiki200m,Q5 (human) lookup,29.8,,,,,,,10,ok,
2026-04-23T22:14:38+00:00,0.8.11,wiki200m,P31 class counts,0.1,,,,,,,10,ok,
2026-04-23T22:14:38+00:00,0.8.11,wiki200m,2-hop P31 + P279,68.4,,,,,,,10,ok,
2026-04-23T22:14:38+00:00,0.8.11,wiki200m,Human citizenship (P27),81.1,,,,,,,10,ok,
2026-04-23T22:14:39+00:00,0.8.11,wiki200m,OPTIONAL citizenship,175.0,,,,,,,10,ok,
2026-04-23T22:14:39+00:00,0.8.11,wiki200m,EXISTS P27,22.5,,,,,,,10,ok,
2026-04-23T22:14:39+00:00,0.8.11,wiki200m,WITH P27 count,2.7,,,,,,,10,ok,
2026-04-23T22:17:14+00:00,0.8.11,wiki500m,build,155381.9,5473.8,2614885335,500000000,3217877.1,5571305,6736788,,ok,
2026-04-23T22:17:16+00:00,0.8.11,wiki500m,save,2121.4,,2960520451,,,,,,ok,
2026-04-23T22:17:17+00:00,0.8.11,wiki500m,load,238.9,5473.8,,,,5571305,6736788,,ok,
2026-04-23T22:17:17+00:00,0.8.11,wiki500m,P31 LIMIT 50,436.1,,,,,,,50,ok,
2026-04-23T22:17:17+00:00,0.8.11,wiki500m,Q5 (human) lookup,47.7,,,,,,,10,ok,
2026-04-23T22:17:17+00:00,0.8.11,wiki500m,P31 class counts,0.2,,,,,,,10,ok,
2026-04-23T22:17:17+00:00,0.8.11,wiki500m,2-hop P31 + P279,217.0,,,,,,,10,ok,
2026-04-23T22:17:17+00:00,0.8.11,wiki500m,Human citizenship (P27),110.8,,,,,,,10,ok,
2026-04-23T22:17:18+00:00,0.8.11,wiki500m,OPTIONAL citizenship,256.3,,,,,,,10,ok,
2026-04-23T22:17:18+00:00,0.8.11,wiki500m,EXISTS P27,33.6,,,,,,,10,ok,
2026-04-23T22:17:18+00:00,0.8.11,wiki500m,WITH P27 count,5.8,,,,,,,10,ok,
2026-04-23T22:24:06+00:00,0.8.11,wiki1000m,build,408582.1,8145.3,6462857559,1000000000,2447488.5,14722732,15444086,,ok,
2026-04-23T22:24:13+00:00,0.8.11,wiki1000m,save,6683.2,,7499430465,,,,,,ok,
2026-04-23T22:24:14+00:00,0.8.11,wiki1000m,load,654.9,8145.3,,,,14722732,15444086,,ok,
2026-04-23T22:24:15+00:00,0.8.11,wiki1000m,P31 LIMIT 50,1051.7,,,,,,,50,ok,
2026-04-23T22:24:15+00:00,0.8.11,wiki1000m,Q5 (human) lookup,131.6,,,,,,,10,ok,
2026-04-23T22:24:15+00:00,0.8.11,wiki1000m,P31 class counts,0.2,,,,,,,10,ok,
2026-04-23T22:24:16+00:00,0.8.11,wiki1000m,2-hop P31 + P279,550.4,,,,,,,10,ok,
2026-04-23T22:24:16+00:00,0.8.11,wiki1000m,Human citizenship (P27),225.7,,,,,,,10,ok,
2026-04-23T22:24:17+00:00,0.8.11,wiki1000m,OPTIONAL citizenship,683.0,,,,,,,10,ok,
2026-04-23T22:24:17+00:00,0.8.11,wiki1000m,EXISTS P27,82.5,,,,,,,10,ok,
2026-04-23T22:24:17+00:00,0.8.11,wiki1000m,WITH P27 count,12.6,,,,,,,10,ok,
2026-04-25T14:37:26+00:00,0.8.15-dev,wiki5m,build,1472.5,452.9,43874054,5000000,3395664.0,20733,18402,,ok,
2026-04-25T14:37:26+00:00,0.8.15-dev,wiki5m,save,16.1,,44816881,,,,,,ok,
2026-04-25T14:37:26+00:00,0.8.15-dev,wiki5m,load,13.6,452.9,,,,20733,18402,,ok,
2026-04-25T14:37:26+00:00,0.8.15-dev,wiki5m,P31 LIMIT 50,1.2,,,,,,,50,ok,
2026-04-25T14:37:26+00:00,0.8.15-dev,wiki5m,Q5 (human) lookup,0.7,,,,,,,10,ok,
2026-04-25T14:37:26+00:00,0.8.15-dev,wiki5m,P31 class counts,0.0,,,,,,,10,ok,
2026-04-25T14:37:26+00:00,0.8.15-dev,wiki5m,2-hop P31 + P279,0.3,,,,,,,7,ok,
2026-04-25T14:37:26+00:00,0.8.15-dev,wiki5m,Human citizenship (P27),3.3,,,,,,,10,ok,
2026-04-25T14:37:26+00:00,0.8.15-dev,wiki5m,OPTIONAL citizenship,4.3,,,,,,,10,ok,
2026-04-25T14:37:26+00:00,0.8.15-dev,wiki5m,EXISTS P27,0.8,,,,,,,10,ok,
2026-04-25T14:37:26+00:00,0.8.15-dev,wiki5m,WITH P27 count,0.2,,,,,,,10,ok,
